,Nombre,Correo Electronico,Telefono
0,Druci Molineux,marcelo@kiranalabs.mx,4936402682.0
1,Norene Stainsby,nstainsby1@pbs.org,9453709473.0
2,Patrizio Gravells,pgravells2@amazon.com,7235911612.0
3,Annissa Darell,adarell3@tiny.cc,7798050359.0
4,Travus Juggins,tjuggins4@smugmug.com,5328144229.0
5,Brennan Scripps,bscripps5@ebay.com,6326255520.0
6,Grange Treharne,gtreharne6@unicef.org,5852844859.0
7,Merry Gogarty,mgogarty7@nature.com,5505637459.0
8,Egon Slate,eslate8@virginia.edu,8821884115.0
9,Nannette Dunstan,ndunstan9@mapy.cz,3714144430.0
10,Reiko Fetteplace,rfetteplacea@technorati.com,8086834927.0
11,Krishna Kondratyuk,kkondratyukb@unc.edu,8129498258.0
12,Ninnette Warr,nwarrc@prnewswire.com,3453300472.0
13,Sioux Icom,sicomd@skype.com,7002012624.0
14,Park Pentycost,ppentycoste@is.gd,9343785672.0
15,Jeromy Jovis,jjovisf@squidoo.com,7974522738.0
16,Pierrette Schaumaker,marcelo@kiranalabs.mx,8159003636.0
17,Rosamond Asquith,rasquithh@nature.com,1799625207.0
18,Kalinda Harome,kharomei@cnbc.com,7979003765.0
19,Stacie Delf,sdelfj@alibaba.com,6201898442.0
20,Phillipe Agates,pagatesk@earthlink.net,1349857035.0
21,Tessy Keri,tkeril@taobao.com,6326255520.0
22,Abner Fawltey,afawlteym@imdb.com,9591505353.0
23,Brigham Capozzi,bcapozzin@shop-pro.jp,8676471450.0
24,Forester Pengilly,fpengillyo@cargocollective.com,4136364261.0
25,Conant Buckingham,cbuckinghamp@stanford.edu,6282457757.0
26,Orella McGillecole,omcgillecoleq@house.gov,3428717979.0
27,Skipton Roglieri,sroglierir@studiopress.com,4036659841.0
28,Linette Regglar,lregglars@wisc.edu,3063351436.0
29,Tallou Roger,trogert@fc2.com,4989903764.0
30,Culley Saylor,csayloru@yelp.com,4211637374.0
31,Lezley Soppit,lsoppitv@webmd.com,7618456123.0
32,Ravi Kauschke,rkauschkew@bloglovin.com,3302403652.0
33,Maggee Killimister,mkillimisterx@hexun.com,6326255520.0
34,Jobye Pantry,jpantryy@joomla.org,8815461213.0
35,Zia Withur,zwithurz@purevolume.com,5542780181.0
36,Jennica Wigsell,jwigsell10@dropbox.com,2337643003.0
37,Alysia Burd,aburd11@cdbaby.com,5824372436.0
38,Julietta Hackelton,jhackelton12@imdb.com,5485110952.0
39,Crysta Tomson,ctomson13@photobucket.com,8281605491.0
40,Nicol Gonoude,marcelo@kiranalabs.mx,8739131558.0
41,Dunc Lintin,dlintin15@bizjournals.com,7656761446.0
42,Dee Czaja,dczaja16@sphinn.com,6505336712.0
43,Greer Ramberg,gramberg17@clickbank.net,5278980095.0
44,Hersh Ainsby,hainsby18@drupal.org,5331180282.0
45,Laryssa Tweedle,ltweedle19@ebay.com,2132842249.0
46,Xaviera Amorine,xamorine1a@usda.gov,5902985917.0
47,Kerwin Nussen,knussen1b@wp.com,8398684325.0
48,Henka Matson,mbergeau1c@mac.com,7052908922.0
49,Gardiner Burchatt,gburchatt1d@ted.com,6326255520.0
50,Stillman Benneton,sbenneton1e@yellowbook.com,6286854635.0
51,Kris Pellington,kpellington1f@feedburner.com,1159372161.0
52,Zoe Peasegod,zpeasegod1g@skyrock.com,4428348721.0
53,Hastings Gundrey,hgundrey1h@answers.com,5652643645.0
54,Robinette Spackman,rspackman1i@sohu.com,7722522431.0
55,Jarrid Haily,jhaily1j@yolasite.com,4463048514.0
56,Noah Haney`,nhaney1k@liveinternet.ru,4823159288.0
57,Cristie Down,cdown1l@earthlink.net,2731068930.0
58,Gael Fulks,marcelo@kiranalabs.mx,8528445229.0
59,Dunstan Zmitrovich,dzmitrovich1n@ebay.com,3613728256.0
60,Garrik Sextone,gsextone1o@marriott.com,5457944619.0
61,Mirabelle Conwell,mconwell1p@woothemes.com,3523586477.0
62,Henka Matson,cmckinlay1q@free.fr,7364016900.0
63,Esmaria Caldeiro,ecaldeiro1r@craigslist.org,4501628700.0
64,Gherardo Stanmer,gstanmer1s@miitbeian.gov.cn,6684891777.0
65,Alejandra Llop,allop1t@symantec.com,2617499423.0
66,Kellia Instock,kinstock1u@jugem.jp,3593204423.0
67,Mackenzie Parmby,mparmby1v@businessinsider.com,9137465314.0
68,Evy Rushton,erushton1w@marketwatch.com,9353122288.0
69,Adiana Linsey,alinsey1x@cam.ac.uk,7206525140.0
70,Michelle Destouche,mdestouche1y@ted.com,3951888625.0
71,Stevana Petracci,spetracci1z@unicef.org,9138823788.0
72,Ulises Mordey,umordey20@merriam-webster.com,3422407148.0
73,Gonzales Parramore,gparramore21@tuttocitta.it,2119489909.0
74,Sanford Tooker,stooker22@lulu.com,6205345949.0
75,Gery Franceschino,gfranceschino23@exblog.jp,8419950100.0
76,Brendan Playfoot,juanma@kiranalabs.mx,9679947607.0
77,Diane-marie Lohoar,dlohoar25@linkedin.com,3002845672.0
78,Cara Penhalurick,cpenhalurick26@webs.com,4483874844.0
79,Agretha Akester,aakester27@vistaprint.com,4058526485.0
80,Vivi Theunissen,vtheunissen28@deliciousdays.com,9173131369.0
81,Sonnie Kiebes,skiebes29@ox.ac.uk,6956537616.0
82,Henka Matson,lvaisey2a@pcworld.com,3648103883.0
83,Alex Gatheral,agatheral2b@cargocollective.com,5037673449.0
84,Jenica Leyes,jleyes2c@pen.io,9796140750.0
85,Beverlee Blazevic,bblazevic2d@epa.gov,2259096729.0
86,Augie Awton,aawton2e@geocities.jp,1377397056.0
87,Emmalyn Wemm,ewemm2f@issuu.com,9502021302.0
88,Darwin Pineaux,marcelo@kiranalabs.mx,3368364494.0
89,Lon Batrop,lbatrop2h@unblog.fr,2847656620.0
90,Rodge Marle,rmarle2i@liveinternet.ru,9284399604.0
91,Darlleen Dybbe,ddybbe2j@ehow.com,3697291297.0
92,Willard Gilroy,wgilroy2k@creativecommons.org,8399387101.0
93,Antony Chue,achue2l@nymag.com,1065413372.0
94,Willem Bleackley,wbleackley2m@answers.com,1509124851.0
95,Casper Shrieve,cshrieve2n@mlb.com,5599106385.0
96,Esme McCaghan,emccaghan2o@paypal.com,8281605491.0
97,Travers Moreing,tmoreing2p@geocities.jp,2495628732.0
98,Rosette Wychard,rwychard2q@businesswire.com,5623451962.0
99,Walsh Vallentin,wvallentin2r@hugedomains.com,1773348577.0
100,Morgan Zamorrano,mzamorrano2s@hp.com,8281605491.0
101,Tammi Habert,thabert2t@deliciousdays.com,9936243010.0
102,Hilary Warfield,hwarfield2u@t-online.de,1894568534.0
103,Gannie Woollhead,gwoollhead2v@pagesperso-orange.fr,3643127472.0
104,Myriam Impy,mimpy2w@t.co,1323059319.0
105,Granville Tendahl,gtendahl2x@washingtonpost.com,2931545612.0
106,Gwenny Drennan,gdrennan2y@nifty.com,9888526327.0
107,Royall Ridley,rridley2z@answers.com,6944091046.0
108,Corissa Heavyside,cheavyside30@acquirethisname.com,9515595288.0
109,Tally Grebert,marcelo@kiranalabs.mx,9574293343.0
110,Averil Pierce,apierce32@51.la,7324195227.0
111,Henka Matson,hmatson33@smh.com.au,5214877180.0
112,Royall Lintin,rlintin34@cnbc.com,2511543395.0
113,Remington Ardley,rardley35@aboutads.info,6082483516.0
114,Rickard Rosenthal,rrosenthal36@cmu.edu,3887044520.0
115,Niki Hubbert,nhubbert37@newsvine.com,1208722598.0
116,Ruttger Borghese,rborghese38@friendfeed.com,2129796672.0
117,Muffin Fraulo,mfraulo39@about.me,9772037231.0
118,Maxie Hewins,mhewins3a@fda.gov,4493729459.0
119,Chancey Antonopoulos,cantonopoulos3b@vistaprint.com,2128641280.0
120,Lisha Shalloe,lshalloe3c@wikipedia.org,5706762320.0
121,Mirilla Simunek,msimunek3d@g.co,3761782713.0
122,Esteban Hanbidge,ehanbidge3e@oracle.com,8801607614.0
123,Bernita Garbott,bgarbott3f@hud.gov,3714120572.0
124,Adolphe Mourant,amourant3g@drupal.org,6673255102.0
125,Claude Curthoys,ccurthoys3h@globo.com,8278696605.0
126,Garold Tattoo,gtattoo3i@livejournal.com,6209174056.0
127,Harlin MacDougall,hmacdougall3j@w3.org,5209236488.0
128,Minnaminnie Drivers,mdrivers3k@hatena.ne.jp,8281605491.0
129,Adrian Goulding,agoulding3l@techcrunch.com,3671757133.0
130,Jasun Martina,jmartina3m@qq.com,9124851585.0
131,Carie Radolf,cradolf3n@globo.com,2861626685.0
132,Amelita Roth,marcelo@kiranalabs.mx,7185322941.0
133,Essa Halfhead,ehalfhead3p@npr.org,2573222666.0
134,Vernen Pounds,vpounds3q@tiny.cc,6773204822.0
135,Mel Kinnon,mkinnon3r@geocities.com,1566984194.0
136,Orazio Bennit,obennit3s@drupal.org,6497435462.0
137,Corabelle Bourthouloume,cbourthouloume3t@drupal.org,6083320461.0
138,Wesley Buckleigh,wbuckleigh3u@indiegogo.com,8908916185.0
139,Pancho Arminger,parminger3v@facebook.com,9494361333.0
140,Jens Scala,jscala3w@blogtalkradio.com,4168440675.0
141,Udale Guitonneau,uguitonneau3x@mlb.com,2336200295.0
142,Farrand Pahlsson,fpahlsson3y@technorati.com,2026802406.0
143,Shannon Potteridge,spotteridge3z@theatlantic.com,1088750393.0
144,Hyatt Plewes,hplewes40@ifeng.com,4574197738.0
145,Damien Emlyn,demlyn41@latimes.com,8242090735.0
146,Ian Cuddy,icuddy42@vimeo.com,5537692086.0
147,Kordula Tuckwood,ktuckwood43@china.com.cn,5589714384.0
148,Tabby Cullingworth,tcullingworth44@shutterfly.com,3478683944.0
149,Oneida Sleight,osleight45@abc.net.au,9644941217.0
150,Felicia Adney,fadney46@wired.com,5765605601.0
151,Bettina Cervantes,marcelo@kiranalabs.mx,7819487830.0
152,Nicholas Lattimer,nlattimer48@goodreads.com,3879654161.0
153,Kacey Edghinn,kedghinn49@fda.gov,5471022587.0
154,Toinette Puckey,tpuckey4a@istockphoto.com,7032701184.0
155,Alameda Chater,achater4b@cocolog-nifty.com,4337385186.0
156,Sheridan Rouch,srouch4c@lulu.com,2398614898.0
157,Tiff Hardeman,juanma@kiranalabs.mx,1744357807.0
158,Dougy Craigheid,dcraigheid4e@vimeo.com,4587797126.0
159,Nichols Loble,nloble4f@gnu.org,8328287871.0
160,Lauren Pauletto,lpauletto4g@youku.com,7563864302.0
161,Letty Scinelli,lscinelli4h@ftc.gov,5701787840.0
162,Montague Letts,mletts4i@flickr.com,1444616619.0
163,Dur Dalley,ddalley4j@jalbum.net,6185802476.0
164,Pen Trumper,ptrumper4k@ebay.com,3797979317.0
165,Jena Kidstoun,jkidstoun4l@noaa.gov,5674255613.0
166,Cindy Blanko,cblanko4m@addthis.com,7252242794.0
167,Bernhard Godain,bgodain4n@1und1.de,8682542475.0
168,Aubert Dominka,adominka4o@nydailynews.com,9083178243.0
169,Jone Kenford,jkenford4p@washington.edu,3928912965.0
170,Christabel Richt,cricht4q@google.co.jp,9225276894.0
171,Scott Lie,slie4r@prweb.com,1533461309.0
172,Fae Dutton,fdutton4s@instagram.com,8919934401.0
173,Cinda Lowbridge,clowbridge4t@etsy.com,8968618946.0
174,Philly Schenkel,pschenkel4u@washingtonpost.com,4169198217.0
175,Scotty Liebermann,sliebermann4v@abc.net.au,6665005295.0
176,Minta Zimmerman,mzimmerman4w@rakuten.co.jp,4086617084.0
177,Pam Dotson,pdotson4x@wikimedia.org,3076271144.0
178,Jerrome Upton,jupton4y@opera.com,8958585521.0
179,Elladine Kingscott,ekingscott4z@blog.com,4166326430.0
180,Bennett Hawford,bhawford50@rediff.com,2734521449.0
181,Benni Pontain,bpontain51@deliciousdays.com,8308148343.0
182,Alastair Yousef,marcelo@kiranalabs.mx,3256473594.0
183,Hynda Walburn,hwalburn53@alibaba.com,7523000180.0
184,Huntington Adamo,hadamo54@hubpages.com,4947561829.0
185,Tilly Platfoot,tplatfoot55@fotki.com,5132138866.0
186,Wendall Spittal,wspittal56@scribd.com,8164237375.0
187,Sherlocke Stancer,sstancer57@freewebs.com,5361722545.0
188,Alis Slessar,aslessar58@mayoclinic.com,4691042686.0
189,Pietra Kneller,pkneller59@cdbaby.com,7623560235.0
190,Marlo Weathers,mweathers5a@networkadvertising.org,3569700608.0
191,Morgen Jolliman,mjolliman5b@bravesites.com,3584739872.0
192,Yolanthe Nevitt,ynevitt5c@go.com,9454945018.0
193,Kandace McPeck,kmcpeck5d@theatlantic.com,4927308275.0
194,Rosemonde Climance,rclimance5e@myspace.com,5055515655.0
195,Becky Kohler,bkohler5f@stanford.edu,7941416840.0
196,Adolpho Foulser,afoulser5g@umn.edu,1644004558.0
197,Jeniece Bloschke,jbloschke5h@pagesperso-orange.fr,6662350989.0
198,Remy O'Reilly,roreilly5i@nih.gov,2081680770.0
199,Cooper Phelps,cphelps5j@google.com.br,9501647875.0
200,Kylie Tebbitt,ktebbitt5k@prnewswire.com,3289072731.0
201,Willey Drysdale,wdrysdale5l@joomla.org,6015570894.0
202,Jayme Markussen,jmarkussen5m@naver.com,3756002559.0
203,Charline Jain,cjain5n@eepurl.com,1033514191.0
204,Reider Cullip,rcullip5o@cargocollective.com,3481262538.0
205,Aharon Klimontovich,aklimontovich5p@engadget.com,7832680683.0
206,Abe Mobbs,amobbs5q@nhs.uk,6867468702.0
207,Drusilla Dunbobbin,ddunbobbin5r@nih.gov,3416753074.0
208,Chelsie Lightbowne,clightbowne5s@businessinsider.com,3346616380.0
209,Donna Larkin,dlarkin5t@wordpress.org,5337178116.0
210,Filberte Peakman,fpeakman5u@kickstarter.com,2759660076.0
211,Osbert Wenzel,owenzel5v@senate.gov,2243052904.0
212,Antonino Marlon,amarlon5w@dailymotion.com,9177438113.0
213,Everard McMichell,emcmichell5x@youtu.be,9948538118.0
214,Asia Circuitt,acircuitt5y@hc360.com,3037695355.0
215,Dallon Breinlein,dbreinlein5z@microsoft.com,7218473313.0
216,Carolina Summerhayes,csummerhayes60@freewebs.com,5712571898.0
217,Cherilyn Abramowitch,cabramowitch61@newsvine.com,6055995805.0
218,Currie Hynd,chynd62@omniture.com,6521222625.0
219,Wilt Brimblecombe,wbrimblecombe63@uiuc.edu,1285307039.0
220,Cindi Musto,cmusto64@weebly.com,4885905629.0
221,Jacenta Lenard,jlenard65@google.com.hk,5177521253.0
222,Kane Marron,kmarron66@elpais.com,9747119686.0
223,Hadrian Kynson,hkynson67@elegantthemes.com,4284877382.0
224,Templeton Northill,tnorthill68@sciencedaily.com,3175473215.0
225,Inna Varndell,ivarndell69@nih.gov,7338874630.0
226,Brad Temprell,btemprell6a@discovery.com,5381590740.0
227,Mabelle Berrisford,mberrisford6b@de.vu,4142787113.0
228,Katuscha Grigg,kgrigg6c@home.pl,1324997251.0
229,Arlen Clayden,aclayden6d@spiegel.de,5127060978.0
230,Glenda Deeley,gdeeley6e@uol.com.br,5002279712.0
231,Melinda Kluss,mkluss6f@i2i.jp,5261453580.0
232,Marianna Hannigane,mhannigane6g@github.io,9065178080.0
233,Abie Umney,aumney6h@istockphoto.com,4901766172.0
234,Brnaby Ferens,bferens6i@acquirethisname.com,8089109915.0
235,Arnaldo Kynnd,akynnd6j@behance.net,7434231762.0
236,Humberto Valiant,hvaliant6k@prweb.com,8771299308.0
237,Denny Churm,dchurm6l@sakura.ne.jp,1617981983.0
238,Tobin Dumblton,tdumblton6m@goo.gl,2112293113.0
239,Patsy Fraczkiewicz,pfraczkiewicz6n@tinyurl.com,1513903021.0
240,Candide Causbey,ccausbey6o@cbc.ca,6054826881.0
241,Marne Coggon,mcoggon6p@slate.com,8289638172.0
242,Hali Parres,hparres6q@youtu.be,6253685413.0
243,Aaren Tilt,atilt6r@ebay.com,2707935469.0
244,Luther Catterill,lcatterill6s@sogou.com,1617122505.0
245,Ines Lillie,ilillie6t@jalbum.net,2694716392.0
246,Claus Selman,cselman6u@php.net,1633875159.0
247,Darby Gregoriou,dgregoriou6v@desdev.cn,2896018745.0
248,Sutherlan Leehane,sleehane6w@odnoklassniki.ru,3972905080.0
249,Karel Lutty,klutty6x@smugmug.com,5013918270.0
250,Bordy Gallafant,bgallafant6y@twitter.com,3236159037.0
251,Davita Eastby,deastby6z@cornell.edu,7838776366.0
252,Hillary Bartelet,hbartelet70@altervista.org,5758093653.0
253,Jenine Lintill,jlintill71@washingtonpost.com,4162332713.0
254,Barby Fitzgerald,bfitzgerald72@utexas.edu,1202415572.0
255,Callean Hakking,chakking73@bravesites.com,2183805980.0
256,Nicolea Haresnape,nharesnape74@dion.ne.jp,5678390304.0
257,Elsi Noel,enoel75@dailymotion.com,6318625391.0
258,Lexine Tripney,ltripney76@accuweather.com,3836142548.0
259,Suzann Ellul,sellul77@china.com.cn,5525480943.0
260,Gertrudis Dunsmore,gdunsmore78@hhs.gov,3325415346.0
261,Ezmeralda Webland,ewebland79@networksolutions.com,1582180699.0
262,Finlay Creany,fcreany7a@virginia.edu,1432079526.0
263,Christabel Demongeot,cdemongeot7b@ed.gov,3789186195.0
264,Lionello Polkinhorn,lpolkinhorn7c@who.int,1481864174.0
265,Pen Dincey,pdincey7d@slashdot.org,9905532940.0
266,Milissent Aiston,juanma@kiranalabs.mx,1279010384.0
267,Ade Kinsett,akinsett7f@google.cn,4915122293.0
268,Gayler Terram,gterram7g@alibaba.com,6288772107.0
269,Daren Blevin,dblevin7h@fema.gov,9292274647.0
270,Rene Soda,rsoda7i@sciencedaily.com,2393912885.0
271,Veda Perrinchief,vperrinchief7j@indiatimes.com,3733596511.0
272,Adrian Panyer,apanyer7k@desdev.cn,4949321192.0
273,Karlik Kubicka,kkubicka7l@altervista.org,5208724457.0
274,Joellen Windless,jwindless7m@de.vu,6778197016.0
275,Shurlock Snoden,ssnoden7n@so-net.ne.jp,2637295573.0
276,Isabeau Vaines,ivaines7o@cargocollective.com,7603577526.0
277,Meredith Fattore,mfattore7p@ebay.co.uk,6375978493.0
278,Keane Lathe,klathe7q@desdev.cn,3276497463.0
279,Massimo Johl,mjohl7r@guardian.co.uk,8564202268.0
280,Bond Minchindon,bminchindon7s@hp.com,8663554276.0
281,Lisette Roglieri,lroglieri7t@google.com.hk,3691610127.0
282,Nicko Pandya,npandya7u@meetup.com,5618167273.0
283,Rosabel Farnill,rfarnill7v@php.net,8852339930.0
284,Blair Malec,bmalec7w@sun.com,7515193939.0
285,Levi Hardwell,lhardwell7x@earthlink.net,5411886151.0
286,Angil Duffell,aduffell7y@wsj.com,1087280544.0
287,Jeremiah Saiz,jsaiz7z@tiny.cc,3427888679.0
288,Bartlet Vreede,bvreede80@hugedomains.com,2587863559.0
289,Blayne Proudley,bproudley81@netlog.com,4677180494.0
290,Jephthah Hallan,jhallan82@utexas.edu,2854467358.0
291,Giacobo Ruslin,gruslin83@nasa.gov,7302778968.0
292,Jacky Messager,jmessager84@europa.eu,3959527166.0
293,Conan Colquyte,ccolquyte85@naver.com,8546228843.0
294,Donn Culcheth,dculcheth86@dot.gov,5755119283.0
295,Reilly Petrillo,rpetrillo87@thetimes.co.uk,3048453237.0
296,Kirsteni Blackborow,kblackborow88@aboutads.info,3068568715.0
297,Roman Kempe,rkempe89@gnu.org,6888140044.0
298,Cathyleen Conyer,cconyer8a@ameblo.jp,9336556901.0
299,Malinda Colnet,mcolnet8b@shutterfly.com,5686027141.0
300,Caz Nealand,cnealand8c@washington.edu,2748664561.0
301,Lonnie Gowdridge,lgowdridge8d@xing.com,1504357505.0
302,Lammond Beames,lbeames8e@unc.edu,2466765813.0
303,Alisa Mence,amence8f@census.gov,3775299736.0
304,Beckie Fownes,bfownes8g@51.la,8739441488.0
305,Harlen Zeal,hzeal8h@icio.us,5362968481.0
306,Abbey Cotta,acotta8i@amazon.com,9433498125.0
307,Ingaberg Yurchenko,iyurchenko8j@pen.io,8354785730.0
308,Daniella Murray,dmurray8k@whitehouse.gov,7951687668.0
309,Torrence Michelin,tmichelin8l@sphinn.com,7919533646.0
310,Modestia Gritsunov,mgritsunov8m@hostgator.com,8205126822.0
311,Karl Stockle,kstockle8n@columbia.edu,4753982011.0
312,Berton Langworthy,blangworthy8o@wikia.com,6071389761.0
313,Burnaby Harmond,bharmond8p@angelfire.com,4755312513.0
314,Otes Ludwikiewicz,oludwikiewicz8q@constantcontact.com,8409720040.0
315,Natalina Sherrard,nsherrard8r@wikia.com,4439255476.0
316,Dougy Elam,delam8s@vimeo.com,2041131121.0
317,Margalo Langfitt,mlangfitt8t@wired.com,3498439856.0
318,Kellen Shakesby,kshakesby8u@theatlantic.com,9798443786.0
319,Delaney Annets,dannets8v@usnews.com,9073239758.0
320,Gianni Carnduff,gcarnduff8w@google.com.br,8157427826.0
321,Anneliese Isack,aisack8x@cmu.edu,9122319263.0
322,Stephannie Domengue,sdomengue8y@godaddy.com,7475938653.0
323,Alejandro Gueinn,agueinn8z@shinystat.com,1668966965.0
324,Marcelo Furby,mfurby90@sourceforge.net,3215292493.0
325,Bald Ruskin,bruskin91@rakuten.co.jp,5667342128.0
326,Genevra Cookes,gcookes92@umich.edu,6075560924.0
327,Aldus Strowger,astrowger93@tmall.com,3528379464.0
328,Teddy Kuschke,tkuschke94@blogtalkradio.com,2898012179.0
329,Reta Bridgland,rbridgland95@dagondesign.com,6071487791.0
330,Farley Pyrah,fpyrah96@cbc.ca,5159384381.0
331,Chet Ibbs,cibbs97@upenn.edu,1449546952.0
332,Bearnard Shallcross,bshallcross98@netvibes.com,2242783147.0
333,Nicky Mashal,nmashal99@gnu.org,1412584897.0
334,Linet Boakes,lboakes9a@fastcompany.com,3841498073.0
335,Hedwig Tamas,htamas9b@hugedomains.com,1557139719.0
336,Walliw Coatsworth,wcoatsworth9c@noaa.gov,2262250166.0
337,Quent Cometto,qcometto9d@cnbc.com,8295747597.0
338,Keely Drewett,kdrewett9e@theguardian.com,8155244108.0
339,Abby Wickie,awickie9f@chicagotribune.com,3895612021.0
340,Boyd Pears,bpears9g@123-reg.co.uk,5706481547.0
341,Hildegaard Beane,hbeane9h@sfgate.com,6735617824.0
342,Godfry Morat,gmorat9i@ebay.co.uk,9445573052.0
343,Lionel Keynes,lkeynes9j@xrea.com,5324130239.0
344,Vanya Ropkes,vropkes9k@seattletimes.com,7064142224.0
345,Diana Jumonet,juanma@kiranalabs.mx,3908316966.0
346,Ariel Llorens,allorens9m@pen.io,8077540688.0
347,Rodrigo Gallelli,rgallelli9n@cbsnews.com,5883600967.0
348,Blinnie Crafts,bcrafts9o@gmpg.org,1656390921.0
349,Antons Moriarty,amoriarty9p@tinyurl.com,5626429733.0
350,Hanni Koschke,hkoschke9q@skype.com,8556391661.0
351,Dougy Renhard,drenhard9r@last.fm,4028916421.0
352,Yale Smewing,ysmewing9s@slate.com,2443938696.0
353,Tracie Manolov,tmanolov9t@ovh.net,2056312346.0
354,Lanny Steuart,lsteuart9u@deliciousdays.com,2989421407.0
355,Ilyssa Catenot,icatenot9v@is.gd,1474675606.0
356,Jayson Wisden,jwisden9w@ox.ac.uk,6323356234.0
357,Riane Durnell,rdurnell9x@infoseek.co.jp,2449086132.0
358,Catherine Creech,ccreech9y@rediff.com,9231727072.0
359,Chas Carrol,ccarrol9z@ifeng.com,2752760066.0
360,Yorgos Greatland,ygreatlanda0@usnews.com,9476061044.0
361,Dell Greenhowe,dgreenhowea1@github.io,2432099376.0
362,Fawnia Isgar,fisgara2@sourceforge.net,8619135369.0
363,Elbert Allaker,eallakera3@51.la,2568533990.0
364,Fonz Beefon,fbeefona4@ucoz.ru,6456842340.0
365,Amelia Trayling,atraylinga5@storify.com,4888744992.0
366,Rosana Bailey,rbaileya6@sfgate.com,1669056418.0
367,Estella Ivoshin,eivoshina7@google.es,1101822078.0
368,Thelma Castanares,tcastanaresa8@liveinternet.ru,4416995070.0
369,Robbi Basham,rbashama9@weebly.com,4484597397.0
370,Gail Hitcham,ghitchamaa@bloglovin.com,9695955065.0
371,Horst Bees,hbeesab@studiopress.com,2828003747.0
372,Corry Nordass,cnordassac@mlb.com,8667985469.0
373,Jane Dalrymple,jdalrymplead@gizmodo.com,4966461398.0
374,Mathew Harnett,mharnettae@washington.edu,3863295996.0
375,Theo Finn,tfinnaf@ebay.co.uk,2768792425.0
376,Steve Click,sclickag@e-recht24.de,1824074013.0
377,Garv Humber,ghumberah@oaic.gov.au,6176867635.0
378,Ivor Salisbury,isalisburyai@sourceforge.net,5673508215.0
379,Aryn Kopta,akoptaaj@photobucket.com,8326035017.0
380,Reid Diddams,rdiddamsak@harvard.edu,3761938780.0
381,Chalmers Fotheringham,cfotheringhamal@over-blog.com,1824955470.0
382,Margy Tough,mtougham@un.org,9368128731.0
383,Celeste Beaumont,cbeaumontan@hatena.ne.jp,3576276683.0
384,Ava Haimes,ahaimesao@wordpress.org,2742805957.0
385,Sheba Flook,sflookap@zimbio.com,6345067948.0
386,Nicolea Rammell,nrammellaq@army.mil,9194680998.0
387,Nelson Agent,nagentar@comcast.net,2234811869.0
388,Phineas Pawlaczyk,ppawlaczykas@newsvine.com,8242059563.0
389,Ricky Delos,rdelosat@lycos.com,4711072870.0
390,Candy Stickells,cstickellsau@google.cn,2781233311.0
391,Paloma Vlasenkov,pvlasenkovav@woothemes.com,4845089840.0
392,Gerry Lokier,glokieraw@yandex.ru,2216971598.0
393,Maurine Myring,mmyringax@vimeo.com,7159283538.0
394,Katti Northage,knorthageay@google.com.au,2429466681.0
395,Michele Emlin,memlinaz@imageshack.us,9523085894.0
396,Bess Goodey,bgoodeyb0@youtu.be,6921197977.0
397,Hannah Beaze,hbeazeb1@moonfruit.com,8699251958.0
398,Odilia Oppy,ooppyb2@reverbnation.com,1413503848.0
399,Bobette Treadaway,btreadawayb3@yahoo.com,4723572431.0
400,Oren Melior,omeliorb4@hao123.com,1947295724.0
401,Layton Prandini,lprandinib5@adobe.com,3352446943.0
402,Nicolette Currer,ncurrerb6@drupal.org,6081798412.0
403,Didi Chislett,dchislettb7@google.fr,8078857040.0
404,Shanon Stienton,sstientonb8@unesco.org,1194343193.0
405,Bryan Pole,bpoleb9@hexun.com,4315098270.0
406,Sheila-kathryn Whenman,swhenmanba@census.gov,8598455055.0
407,Marnie Siderfin,msiderfinbb@boston.com,3579718549.0
408,Nelia Grafom,ngrafombc@sitemeter.com,6684911841.0
409,Tabby Stopford,tstopfordbd@sohu.com,2557735454.0
410,Aleta Saffin,asaffinbe@gnu.org,8848797879.0
411,Malynda Wickrath,mwickrathbf@51.la,5172441390.0
412,Dacey de Castelain,ddebg@yandex.ru,5669031061.0
413,Cloris Chessell,cchessellbh@prweb.com,4549236540.0
414,Josee Bleakley,jbleakleybi@netscape.com,2924441555.0
415,Sinclair Doggrell,sdoggrellbj@google.pl,1148310125.0
416,Jewelle Surgeoner,jsurgeonerbk@tripadvisor.com,9152359260.0
417,Fonzie Bonanno,fbonannobl@hexun.com,8939309398.0
418,Rancell Parlett,rparlettbm@nature.com,5054317846.0
419,Eleanora Aries,eariesbn@instagram.com,3626729579.0
420,Harriet Gartside,hgartsidebo@bravesites.com,3746909594.0
421,Danny Malyon,dmalyonbp@buzzfeed.com,7267739140.0
422,Nilson Alaway,nalawaybq@smugmug.com,6789157532.0
423,Pammy Taffs,ptaffsbr@csmonitor.com,8144521795.0
424,Myrlene Basili,mbasilibs@wikia.com,8364087045.0
425,Franciskus Pellington,fpellingtonbt@devhub.com,3098058790.0
426,Orly Pallent,opallentbu@myspace.com,6886630745.0
427,Koo McEachern,kmceachernbv@opera.com,9986921564.0
428,Alysia Whitehall,awhitehallbw@wunderground.com,1982639537.0
429,Torr Habin,thabinbx@nih.gov,6753780502.0
430,Sindee Discombe,sdiscombeby@mozilla.org,2079530531.0
431,Willi Lawman,wlawmanbz@google.nl,1134716232.0
432,Sibella Patek,spatekc0@accuweather.com,3139460316.0
433,Adolf Nethercott,anethercottc1@trellian.com,4875546426.0
434,Agnesse O'Donohue,aodonohuec2@youku.com,4529959465.0
435,Shellysheldon Jagoe,sjagoec3@diigo.com,6767183083.0
436,Kym Smedmore,ksmedmorec4@ed.gov,3128768659.0
437,Yorgo Hissie,yhissiec5@pinterest.com,8177490432.0
438,Jamison Darrigrand,jdarrigrandc6@over-blog.com,1038797481.0
439,Mellisent Cottom,mcottomc7@nps.gov,2498207408.0
440,Iolanthe Whorall,iwhorallc8@upenn.edu,9721245971.0
441,Yevette Wadhams,ywadhamsc9@soundcloud.com,6731967823.0
442,Netti Ketts,nkettsca@hexun.com,3784178323.0
443,Sansone Niesegen,sniesegencb@networksolutions.com,5184309666.0
444,Lanny Juschke,ljuschkecc@ustream.tv,2364102073.0
445,Tera Pentercost,tpentercostcd@gov.uk,5155218371.0
446,Hans Eby,hebyce@delicious.com,5288023852.0
447,Grant Paice,gpaicecf@angelfire.com,5188169762.0
448,Murielle McGifford,mmcgiffordcg@typepad.com,6697950590.0
449,Margaret Wildber,mwildberch@cargocollective.com,8301302277.0
450,Laney Chipp,lchippci@tamu.edu,5783357600.0
451,Jaye Skitt,jskittcj@chron.com,2738638302.0
452,Meghan Mabone,mmaboneck@noaa.gov,9064861246.0
453,Donnamarie Zorro,dzorrocl@wp.com,7908083045.0
454,Louie Brotherhead,lbrotherheadcm@house.gov,4682229815.0
455,Ervin Housaman,ehousamancn@gmpg.org,1119051903.0
456,Lurleen Titta,ltittaco@yelp.com,2911740819.0
457,Cloe Lumsdaine,clumsdainecp@guardian.co.uk,7118407549.0
458,Gene O'Fergus,goferguscq@hc360.com,6842605514.0
459,Diannne Edscer,dedscercr@gmpg.org,1906102159.0
460,Elizabet Origin,eorigincs@histats.com,1325871576.0
461,Moshe Drinkwater,mdrinkwaterct@wisc.edu,3915947365.0
462,Bette Rivitt,brivittcu@friendfeed.com,9376598281.0
463,Jermaine Jimeno,jjimenocv@alexa.com,3747357031.0
464,Merrill Kilgallen,mkilgallencw@nih.gov,1206142190.0
465,Rosemonde Madner,rmadnercx@craigslist.org,7267502131.0
466,Else Seamen,eseamency@github.io,9584616493.0
467,Albert McKinstry,juanma@kiranalabs.mx,9708537592.0
468,Nedi Houlworth,nhoulworthd0@paginegialle.it,4559806712.0
469,Ange Sayce,asayced1@pen.io,2021479087.0
470,Wynne Reddington,wreddingtond2@comcast.net,2524416683.0
471,Rusty Minster,rminsterd3@theatlantic.com,8551790305.0
472,Patty Pashba,ppashbad4@psu.edu,4825339189.0
473,Bree Coggins,bcogginsd5@gnu.org,4993708876.0
474,Tonya Leith,tleithd6@parallels.com,7464967145.0
475,Wilton Stevings,wstevingsd7@amazon.de,7441074080.0
476,Debee de Nore,juanma@kiranalabs.mx,4231557676.0
477,Valaree Teek,vteekd9@dot.gov,2732696831.0
478,Ruthi Leyborne,rleyborneda@yale.edu,6477016540.0
479,Dane Tait,dtaitdb@dropbox.com,2692675153.0
480,Dagny Reilinger,dreilingerdc@themeforest.net,6131501711.0
481,Elva Jentges,ejentgesdd@acquirethisname.com,5988429105.0
482,Lila Mathwen,lmathwende@omniture.com,2242172699.0
483,Ronnie Behnke,rbehnkedf@acquirethisname.com,1385535540.0
484,Norina Dimic,ndimicdg@youku.com,5371489105.0
485,Honor Fasset,hfassetdh@acquirethisname.com,4561998955.0
486,Judas Stanning,jstanningdi@1und1.de,9046599017.0
487,Maggi Melloy,mmelloydj@sphinn.com,8464542430.0
488,Loretta Cleever,lcleeverdk@tumblr.com,9374068946.0
489,Englebert Probart,eprobartdl@newsvine.com,2374032904.0
490,Aland Nelson,anelsondm@rakuten.co.jp,2388172934.0
491,Zandra Beevens,zbeevensdn@wordpress.org,5179143325.0
492,Martainn Ends,mendsdo@comsenz.com,5986623188.0
493,Elmira Scanterbury,escanterburydp@bizjournals.com,6878617076.0
494,Yasmin McIlwraith,ymcilwraithdq@bloglovin.com,1309034059.0
495,Concettina Dumbarton,cdumbartondr@tinypic.com,8395298156.0
496,Shirley Barringer,sbarringerds@godaddy.com,2761414861.0
497,Sherie Larrat,slarratdt@hao123.com,7068263680.0
498,Enid Whilde,ewhildedu@altervista.org,8557493889.0
499,Osmund Henker,ohenkerdv@phpbb.com,8757406995.0
500,,,
